,min,max,mean,stddev,median,iqr,rounds,errors,durations,direction
sanity.data_mismatch.score,0.0,0.0,0.0,0.0,0.0,0.0,2,0,0.0,minimize
sanity.common_rows_proportion.score,0.0,0.0,0.0,0.0,0.0,0.0,2,0,0.0,minimize
sanity.nearest_syn_neighbor_distance.mean,0.006150910358689316,0.007913021798338405,0.007031966078513861,0.0008810557198245445,0.007031966078513861,0.000881055719824545,2,0,0.01,minimize
sanity.close_values_probability.score,0.9918200408997955,0.9964212678936605,0.994120654396728,0.002300613496932502,0.994120654396728,0.0023006134969324465,2,0,0.01,maximize
sanity.distant_values_probability.score,0.0010224948875255625,0.0015337423312883436,0.001278118609406953,0.00025562372188139056,0.001278118609406953,0.00025562372188139056,2,0,0.01,minimize
stats.jensenshannon_dist.marginal,0.005424835170232849,0.006229986339547029,0.005827410754889939,0.00040257558465709017,0.005827410754889939,0.00040257558465708974,2,0,0.08,minimize
stats.chi_squared_test.marginal,0.8223087730018931,0.9103232095818862,0.8663159912918896,0.04400721828999654,0.8663159912918896,0.04400721828999643,2,0,0.02,maximize
stats.inv_kl_divergence.marginal,0.9798720092894966,0.9888642973496856,0.9843681533195912,0.004496144030094518,0.9843681533195912,0.004496144030094462,2,0,0.02,maximize
stats.ks_test.marginal,0.9441888207225629,0.9484918200408998,0.9463403203817313,0.002151499659168443,0.9463403203817313,0.0021514996591683877,2,0,0.02,maximize
stats.max_mean_discrepancy.joint,0.0010227820914213512,0.001022782099318283,0.0010227820953698172,3.948465903194642e-12,0.0010227820953698172,3.948466120035077e-12,2,0,0.22,minimize
stats.wasserstein_dist.joint,0.08830114469042499,0.09288608086628647,0.09059361277835573,0.002292468087930738,0.09059361277835573,0.002292468087930738,2,0,0.32,minimize
stats.prdc.precision,0.9596114519427403,0.9677914110429447,0.9637014314928425,0.004089979550102207,0.9637014314928425,0.004089979550102263,2,0,0.23,maximize
stats.prdc.recall,0.9948875255623721,0.9969325153374233,0.9959100204498977,0.0010224948875255935,0.9959100204498977,0.0010224948875257045,2,0,0.23,maximize
stats.prdc.density,0.9021472392638037,0.9135991820040901,0.9078732106339469,0.00572597137014319,0.9078732106339469,0.00572597137014319,2,0,0.23,maximize
stats.prdc.coverage,0.9079754601226994,0.9243353783231084,0.9161554192229039,0.008179959100204526,0.9161554192229039,0.008179959100204526,2,0,0.23,maximize
stats.alpha_precision.delta_precision_alpha_OC,0.8540899795501022,0.9150306748466257,0.884560327198364,0.03047034764826173,0.884560327198364,0.03047034764826173,2,0,0.18,maximize
stats.alpha_precision.delta_coverage_beta_OC,0.4324812542603953,0.4383094751192911,0.4353953646898432,0.0029141104294478914,0.4353953646898432,0.0029141104294478914,2,0,0.18,maximize
stats.alpha_precision.authenticity_OC,0.5209611451942741,0.549079754601227,0.5350204498977505,0.014059304703476494,0.5350204498977505,0.014059304703476494,2,0,0.18,maximize
stats.alpha_precision.delta_precision_alpha_naive,0.9761629410243754,0.9822732294384505,0.979218085231413,0.0030551442070375634,0.979218085231413,0.0030551442070376744,2,0,0.18,maximize
stats.alpha_precision.delta_coverage_beta_naive,0.46250852079072935,0.47890252215405593,0.47070552147239264,0.008197000681663291,0.47070552147239264,0.008197000681663291,2,0,0.18,maximize
stats.alpha_precision.authenticity_naive,0.516359918200409,0.5199386503067485,0.5181492842535788,0.0017893660531697053,0.5181492842535788,0.0017893660531698163,2,0,0.18,maximize
performance.linear_model.gt,0.656156364399924,0.656156364399924,0.656156364399924,0.0,0.656156364399924,0.0,2,0,0.15,maximize
performance.linear_model.syn_id,0.657482344872853,0.6590651283292258,0.6582737366010394,0.0007913917281864302,0.6582737366010394,0.0007913917281863192,2,0,0.15,maximize
performance.linear_model.syn_ood,0.6652870331806193,0.6666059280855199,0.6659464806330696,0.0006594474524502791,0.6659464806330696,0.0006594474524501681,2,0,0.15,maximize
performance.mlp.gt,0.5362268748330036,0.5362268748330036,0.5362268748330036,0.0,0.5362268748330036,0.0,2,0,16.06,maximize
performance.mlp.syn_id,0.47826044324819894,0.586104758099375,0.532182600673787,0.053922157425588035,0.532182600673787,0.053922157425587924,2,0,16.06,maximize
performance.mlp.syn_ood,0.477891156462585,0.5867346938775511,0.532312925170068,0.054421768707483026,0.532312925170068,0.054421768707483054,2,0,16.06,maximize
performance.xgb.gt,0.6487316753619715,0.6487316753619715,0.6487316753619715,0.0,0.6487316753619715,0.0,2,0,3.72,maximize
performance.xgb.syn_id,0.6283762387679809,0.6431367889785632,0.635756513873272,0.007380275105291156,0.635756513873272,0.007380275105291156,2,0,3.72,maximize
performance.xgb.syn_ood,0.6131581459114258,0.6211604539775093,0.6171592999444675,0.004001154033041743,0.6171592999444675,0.004001154033041687,2,0,3.72,maximize
performance.feat_rank_distance.corr,0.34011272026359995,0.3503200578252998,0.34521638904444985,0.005103668780849918,0.34521638904444985,0.005103668780849946,2,0,1.95,minimize
performance.feat_rank_distance.pvalue,5.947229287288196e-96,1.4931616812794865e-90,7.465838142543869e-91,7.465778670250996e-91,7.465838142543869e-91,7.465778670250998e-91,2,0,1.95,minimize
detection.detection_xgb.mean,0.8341413708959062,0.8352450223945199,0.8346931966452131,0.0005518257493068446,0.8346931966452131,0.0005518257493067891,2,0,0.5,minimize
detection.detection_mlp.mean,0.5,0.5,0.5,0.0,0.5,0.0,2,0,7.88,minimize
detection.detection_gmm.mean,0.5055782428143074,0.5514658373794021,0.5285220400968548,0.022943797282547362,0.5285220400968548,0.022943797282547473,2,0,0.97,minimize
detection.detection_linear.mean,0.48736701293487394,0.5361111633859009,0.5117390881603874,0.02437207522551349,0.5117390881603874,0.024372075225513545,2,0,1.52,minimize
privacy.delta-presence.score,4.999999950000001,13.999999860000003,9.499999905000003,4.499999955000001,9.499999905000003,4.499999955000002,2,0,3.48,maximize
privacy.k-anonymization.gt,5.0,5.0,5.0,0.0,5.0,0.0,2,0,8.1,maximize
privacy.k-anonymization.syn,3.00000001,9.00000001,6.000000010000001,3.0000000000000004,6.000000010000001,3.000000000000001,2,0,8.1,maximize
privacy.k-map.score,1.0,1.0,1.0,0.0,1.0,0.0,2,0,3.68,maximize
privacy.distinct l-diversity.gt,5.0,5.0,5.0,0.0,5.0,0.0,2,0,7.88,maximize
privacy.distinct l-diversity.syn,3.00000001,9.00000001,6.000000010000001,3.0000000000000004,6.000000010000001,3.000000000000001,2,0,7.88,maximize
privacy.identifiability_score.score,0.42535787321063395,0.4550102249488753,0.4401840490797546,0.014826175869120661,0.4401840490797546,0.014826175869120606,2,0,0.06,minimize
privacy.identifiability_score.score_OC,0.4268916155419223,0.434560327198364,0.4307259713701431,0.0038343558282208645,0.4307259713701431,0.0038343558282208368,2,0,0.06,minimize
privacy.DomiasMIA_BNAF.accuracy,0.49974463738508684,0.5,0.49987231869254345,0.00012768130745657857,0.49987231869254345,0.00012768130745660633,2,0,461.65,minimize
privacy.DomiasMIA_BNAF.aucroc,0.407593965737663,0.42021222193812324,0.41390309383789314,0.006309128100230127,0.41390309383789314,0.006309128100230155,2,0,461.65,minimize
